,0
Tim_abner,1
Rwindelange,1
atikarda39,1
realface1127,1
DrCovaxin,1
emmieatthedisco,1
torres_ue,1
57lena57,1
ORockiesYTho,1
_hlws,1
TheDalyPlanet,1
daisy03701146,1
AdrianJSClark,1
Zingfaze,1
PetenJess666,1
PikeSA1968,1
danimtnzconte,1
monkeymouth,1
1990sF1,1
JohannaDuchess,1
Luscasluccodale,1
Demangeonjose,1
ChantsluzShane,1
tobygraves,1
andresgfl,1
tosh728,1
44_4mylife,1
cookychap,1
agbu44,1
_pereiro__,1
shubhamaaghade1,1
GeorgeK_VII,1
KieranFayF1,1
Cameron74331311,1
Flycatc08394457,1
Aboodsultan71,1
helandouer_b,1
mike_smith80,1
wealthC76293870,1
Pas5555,1
SkySportsNews,1
15jonahh,1
AFC_Plum,1
FreddieK100,1
FormulaNixCo,1
alessaandrroo,1
OverdriveInto,1
Baptistegcd,1
trumpatino69,1
RyanRees,1
RickyKap1,1
Aliyaliwoowah,1
Chaosxsilencer,1
_angelozin_,1
ZodiacBusiness,1
lewisgoat44_,1
raw1933,1
_Icana_,1
pali1H,1
abline11,1
888sport,1
aratoahi8635,1
Jezbers,1
josezarzosa,1
RaceOfChampions,1
Clarkysj1,1
himynameisizzy,1
Thejoehonda,1
AlexisPSG14,1
PauloSaPeixoto,1
dave_ndlovu,1
KriegThomas57,1
davacanario,1
tamasio06042017,1
ReyzerOf,1
Kermitisaninja,1
TamiD47437687,1
sTankz23,1
katiemay_f1,1
keigh_see,1
GTMxns,1
MiekoCarr,1
TS050_Dan,1
UMSportsExtreme,1
Tamaz23,1
formulaAMELIA,1
RCcfc90,1
MaxineRedal,1
TrevorPMoulton,1
dsvs87,1
Dale_Counihan,1
JulioSandyMan,1
__Bowser,1
Laantje19981,1
dark_33n,1
lisamrobbo,1
Kaboomdaboom2,1
SadBoySid,1
leo_kouliavetas,1
WendyHough16,1
Silverarowangel,1
vivarubinho,1
SallySazbee,1
AZISAI_VTuber,1
HaasF1Team,1
TheTechnician44,1
gildastian666,1
suhail_dada,1
TomEnkelaar,1
JYBally,1
neilcam88028105,1
rtfranco_,1
HazekampRob,1
kerubo13,1
miteiee,1
MBrundleF1,1
WillBreckon,1
The_Rexona,1
Craig8727,1
lloydpparsons,1
f1miami,1
Eii2501,1
_JackMerry,1
1997_f1,1
TVKev,1
SydMD17,1
EnDurZH57,1
nasescobar316,1
AdventureRehab,1
weeb_ZyfaX,1
garyspencerr,1
Callum06450641,1
y23zero,1
onfaitavec,1
TheBishF1,1
Ozzy3515,1
mosia_fpl,1
gaudiikari,1
hitachi_achi,1
PiotrLew17,1
myutaro_DP26,1
Formula1game,1
100demortadela2,1
vecinasvalencia,1
leeroykav,1
Miranda19148476,1
WinnieWard16,1
M_A_Neeson,1
gleehen,1
aircraftwoman,1
merababenoguz,1
SmunchyMaggot,1
MortierFabienne,1
_CeliaMpondo,1
difogge,1
Empirekp84,1
DonovanIchiban7,1
JayDzed,1
FrolinkYT,1
DrahcirArt,1
verstappenin,1
dutchchamp1,1
lil_Saraaa,1
edvardB123,1
megslou99,1
Angel_nDisguise,1
enigma915,1
PPfanner,1
RMadhavaditya,1
Phislash,1
umc1900,1
wartwix62,1
Samu_gm98,1
martyrant,1
Yellow_P1,1
GoldRushBlond,1
deparker87,1
JFG_78,1
BenBridges99,1
Zoom,1
DavidUbeca,1
Gottze_19,1
Scotty_boyz,1
ananasul_,1
NathRNath,1
Saruchiiiiii,1
F1Feed_net,1
Chilli_Momma,1
CErnestoRamirez,1
DJMarkAnthonyUK,1
BTCC,1
vjankovic12,1
ABCDZ130,1
Leginnamenots,1
MagFeed_,1
ROFLMASTAGAMING,1
Ousunderground,1
moebetteh,1
atanasty,1
FenixTiki,1
ShellyKramer,1
CarolSaxelby,1
isoldevh,1
FernandoAmaya,1
FVRCodor,1
AemiliaRSmith,1
olivierfroggy,1
LordVader_F1,1
shutterfreakzzz,1
KFizz21,1
EneGeorge,1
Fazywazy,1
Trevorsports90,1
aestheticblxrry,1
alesmoz,1
Newaccount625,1
Namss1,1
belieman,1
Photo_ProMark,1
gelos61,1
ronnochamilton,1
WEPESJP,1
MF_DrDooM,1
autosport,1
north_p_,1
chandan_jhas,1
inaky_arzate,1
buhrman989,1
Emil_BYUN,1
FDGA109,1
Dskater95,1
Sole_de_Leon,1
_oberonia,1
Steve19F53,1
Tomellis_11,1
GlezRR,1
JasonAnsellTO,1
ConnyRACING,1
formulayuki,1
SpeedFanEX,1
CLARENCEGUALOT2,1
chantler_jaki,1
1zzyxxiii,1
bordermike66,1
JArnoldTAMU85,1
apu85200,1
allardkalff,1
dolephoto,1
Kaman151,1
karryjay,1
thisonequattro,1
_andremventura_,1
F1Jamez,1
_buryourflame,1
weNkosazana,1
sandzz77,1
lovins__,1
newgoldsdream,1
RodrygoJess,1
LattenSchramm44,1
gudme123,1
roberts_thfc,1
Ray_G95,1
rpmonag,1
yuryconde,1
jrk997,1
cliolovesfrogs,1
KhvmaloSvnele,1
Tim_Draper,1
PeachyF1,1
oscar_valvuena,1
alecola66,1
DrummerBMC,1
Silodrome,1
zippitydodah51,1
GuilleLillia_,1
PisteoffBrian,1
DAuguste,1
nereaatelle,1
UtdSander,1
StephenJohnJam4,1
SHBismyname,1
amaay4,1
SullivanL04,1
SebasVillatoro,1
simon_hand,1
Pogxit_,1
AvrilJonesPhoto,1
Jelpiero,1
steveluckwell,1
LorenArries,1
francis_bawuah,1
AllanDosan,1
tabomluan,1
imSwft,1
ellimbap,1
GlauceCabral,1
Yasin11_,1
Lyndaogodoy,1
cz_binance,1
Nath_0816,1
williamrlward,1
f1fantwo,1
Rowdy51,1
lincoln_gratto,1
TotMotorsport,1
theelrig,1
_fernandosanz_,1
_markr,1
DarthRafa,1
ess0h,1
lucastif,1
Tony_Bouch,1
navarromoralesa,1
Ruluber,1
JJayexd,1
G_R_T81,1
Piazza_Paya2,1
Toon_army1982,1
vincenzolandino,1
SoccerTactics,1
ShaGGy_Uk,1
ArcherStormer,1
miles_mcdermott,1
Ham_on_Rye,1
LulyHdez2,1
Arli_nl,1
LH44_SA,1
AdamTravisG,1
volkskrant,1
leodjtavares,1
JonasRiquelme1,1
KBennettRacing,1
MalilePhilip,1
RealSwimburger,1
jingham8,1
Ankalagon_04,1
klop4kop,1
broomez27,1
GN81,1
AlisonSechini,1
Shaun_Wooding,1
SweenLuke,1
GlendaJMiskin,1
_missmobeen,1
1JessicaHawkins,1
TopGearFormula1,1
beu__noit,1
FMedana,1
__KingIsaiah,1
kevinjohn40,1
Nath_W6,1
wrightyval,1
Goonerchic,1
TheMoonMidas,1
CoffeeNCarsClub,1
wanj_iku,1
ian_iClub,1
___anacoelho___,1
zagortenay34,1
PerezIvan_16,1
MissedApexF1,1
TheNoobForSoup,1
photographyno51,1
Aliseo_mx,1
Prokonover,1
LPenguin147,1
Ryan_TWilliams,1
_AlmaaMarin,1
SpinelessMps,1
F1ST24,1
_jefe007_,1
SteffanBow,1
jcpollock,1
Avislafin1,1
zamobed,1
samblescramble,1
jeffybaby6,1
RossBolenPod,1
CuauhtemocOS,1
Ingleton_ian,1
daviddouglasuk,1
ESUMII1816,1
hermides73,1
_zero_souza,1
f1_leaa,1
notyour00agent,1
carsingambia,1
LadybirdHanna,1
liamholmes16,1
sgjdoc,1
guih_th,1
SheilaHoltCBT,1
JUD__01,1
cheeseaddict77,1
d_s_bouma,1
hazminahamed,1
captgurt,1
_siiheem,1
Candice57413407,1
gdejeu,1
LorenzoJuve19,1
FaWilka,1
mOha_speaKs,1
RnbRnb7,1
PG876,1
ZeSwissCap,1
novacosmetics2,1
JamesMcGavinF1,1
FastNLoud44,1
england_daz,1
aramco,1
renhoe09,1
swearstoomuch,1
russcedes63,1
PartridgeCG,1
Salmaalh3,1
mauriciollna,1
formulawah,1
realmrnoname,1
Huskyma10124809,1
StewieG26318908,1
G_pon0365,1
Teunis39,1
ArtNr4,1
BwRLehrer,1
Les_Graham,1
FiratKeskinF1,1
iaumiau,1
CedricLGuerrier,1
Rashid20786,1
KuroTmgeand913,1
juanmarichal_,1
HDamken,1
EZIO38831340,1
kusatyoko,1
SERAG_AMIN57,1
a_chiza,1
Waynerigg,1
mfrench1301,1
infinityys18,1
BrandonAFranck,1
MsTrishia,1
burks_09,1
P_lh44,1
HamnerNab,1
en1gmaw4,1
OfficialCJ46,1
SpeechlyK,1
highlandsigar,1
Dara_Lennon7890,1
TheRealF111,1
crashcanary,1
DamienJB,1
ZniM16,1
BenSteer_91,1
Zandy_WH,1
Chrissantana22,1
agaffar09,1
andihaupt1,1
AshAshGoose,1
_PeGaCo,1
dukewong,1
patrick_orangi,1
Allthat08405576,1
thetobinator14,1
Sabrina63967774,1
alemnara,1
gonzi_rally,1
GaryLKII,1
Charles_Leclerk,1
Ben__F1,1
purplealbumm,1
KJL1911,1
Miguelsduarte23,1
JC_Bozzani,1
drumz420,1
Ezegames_RL,1
RealSlimDavey,1
FormulaTired,1
TobbeTheTipper,1
Catty210297,1
jonassz8,1
teddlyf,1
El_Kels,1
DonTroy17,1
hamburgerh0tdog,1
Tarquin_Helmet,1
LondonHotspur,1
vaneshree02,1
pollyanna1991,1
F1andtheGeek,1
bigboyf1,1
AitchabaneAziz,1
HenryII90359048,1
Rubiespal,1
JayneWilson1112,1
ChalkOrion,1
wkmlracing,1
JimmyR980,1
1rosing,1
angellovesf1,1
ayeshaaaparuk,1
HughesMarston,1
Monti10000,1
Paulhar11770015,1
vgrcdmx,1
uptheowls1992,1
HanaaS_AM5,1
Russell_63x,1
RachaelFeeney,1
Yamatohya,1
aliyusuf13,1
MohsinKhawas,1
Jengo37,1
Luckies_Smoke,1
civo4154,1
MiguelMuianga,1
Iaac1094,1
AndrewRidesBike,1
jcmbarqueros,1
BenSoloTio,1
Dion95818930,1
james_average,1
ScottTapley,1
AGinestri18,1
ianapplegate,1
mdg3010,1
SkySportsF12012,1
ytiuqinI_,1
IoanaPreda18,1
GlynnSimmons17,1
ETE_Beer,1
AK47_6,1
The__Fundraiser,1
pelle1969,1
barababauskis,1
LakicJohn,1
lesh_nodded,1
RazeJC,1
cdistefano27,1
CameronGraham7,1
MarcusMaxwell1,1
roan687,1
LFbalmori,1
AritzCinefilo98,1
F1Zoe_,1
brakeawayf1,1
BMutambiranwa,1
Secteur_F1,1
ROLEX,1
GregLarioni,1
Juanpeeperez,1
Sandra24Jan,1
Bart_Achterhoek,1
RKalisher,1
PeterR9,1
Pia_Soun,1
MercedistaIde,1
hjlo17,1
cormacmca,1
Vt_TommyC,1
SportmphMark,1
BraynerJeff,1
northedge6,1
Messias__27,1
drpafas,1
SimaOlay,1
Susanit98198049,1
al_jean2,1
jamiethesights,1
yuchan08092040,1
CurveTorque,1
StuartGold666SG,1
shogalul,1
katchafingabyya,1
viv7777777,1
StunningArnold,1
Crazycreative1,1
Billy_Calhoon,1
ChimpChess,1
Hymur4,1
NightNomad88,1
RyanG33A,1
Iewisrings,1
evildaya,1
HartersHartley,1
galancantu,1
PES_Nexus,1
dobber_z,1
Travin213,1
toraneko8766,1
samuelonyoso,1
RICCx1,1
GeorgeRussell63,1
SmallcSam,1
sarulez86,1
Casey65936569,1
joaofssousa24,1
willkb2014,1
JamesMelville,1
SixKayTw0,1
TomPinderST,1
H_Subhanee,1
Ashdailybs,1
fireconor11,1
idriss2_0,1
Jgrew12,1
decalspotters,1
GuyFawkesRight,1
MahindaBrian1,1
lobolucas_63,1
LukeM_29,1
Vidres1991,1
BrainSurgeon_8,1
sbjsbd,1
Glenndreads,1
redbullmotors,1
irvinhg,1
aejf817,1
TheIconoclast15,1
ImSeaaanBTW,1
5times18,1
gachanja_,1
KimWoolpack,1
lfczahraa,1
seanbeck888,1
Martim_Freire19,1
MarcelooRuasss,1
SSANZl015931441,1
slacexd,1
Louis_Paulin_,1
AnfieldMist,1
DKenni,1
WilliamsRacing,1
RandomGame100,1
lisabalv,1
YvesSadate,1
ProfChalmers,1
roman_wacho,1
_atu,1
gpse7en,1
gian_montejano,1
anemic_dyke,1
f1hZ34,1
SCHWARZENF1,1
PhillipJ1991,1
ic005qx00,1
Nicocam_F1,1
PabloGD__,1
TomsMankus,1
Tecnoguy1,1
aledc669,1
Romain15mgp,1
rob_nicka,1
bo_ei_show23gt,1
Lech75260718,1
Maddog2590,1
jetdoc10,1
mariangela12583,1
calabriaslady,1
filippoambrosi,1
Vitality_UK,1
ShamirShahar,1
ImDiosDelTrueno,1
danamgf1,1
Rob_Green97,1
fckr1337,1
Orangesnipsy,1
concreterose009,1
mteixeiraf,1
signelagerwall,1
wrctcmonkeys,1
VerifxA,1
EoXZLVOJZCOrCFK,1
ellishills,1
liviciousx,1
formulamaja,1
easerman,1
cLsdinho,1
Chicagoguy775,1
IrisSanchez84,1
BirbieVR,1
bbcf1,1
SaintCloud_,1
fabriveizaga,1
Wamagaisa,1
s3v3nthsign,1
KarelKrejci_X22,1
Missintrospect1,1
JTourle,1
_moss_moss_,1
Welling85503686,1
tashton90,1
livecameraop,1
_samuele3333_,1
LeBluetifulGame,1
jmbs47,1
ZintelM,1
PhilleH0ll3,1
ftblolsticks,1
RogerRabbit___,1
khas01,1
MardeyCas,1
RossmadlJ,1
OttoXRP,1
carmarlop,1
ipraveenvino,1
daedaeAMB,1
NadineeLuu,1
carolinagalea11,1
DiaboloTrading,1
OldAndSlowDev,1
naomigo,1
chrisagnew84,1
jonaruiz24,1
si190470,1
LillaSzantosi,1
JGeorgoulias,1
nottherestepbro,1
Christian_SDr,1
StexXor2,1
F1tingz,1
Iris0370430001,1
startonpole,1
Helenlouise11,1
ChazAFCAway,1
james_page26,1
C4rlet0,1
SandraHalifax,1
lalogarciatrevi,1
CAXI01,1
summerlovepp,1
dystainak,1
ComputerVisio,1
karollondyn,1
Rodrigo_mlsilva,1
Jozsaadam12,1
SKREENWRITER,1
georgegavros7,1
1MightyMax,1
omminc,1
JohnSBrownTV,1
otienoowen_,1
semiyaupmaa,1
OfficialBSB,1
AntOttaviano78,1
eeevviilldalejr,1
patrickadawson2,1
CalinStrimbu,1
JaneyGr29851351,1
abadgerkilbride,1
randomdudesimon,1
markyp69,1
CurtQ89,1
ChrisMarc87,1
sewistommo,1
swatieyz,1
FBengoua,1
james27053320,1
BrotatoChip7,1
Kimoa,1
the_doctor_vr46,1
MrsPat8,1
EvannJeanny222,1
MgamerJd,1
KuraiGhoul,1
AlpineF1Team,1
Independent,1
Breizh_A1984,1
lilali1982,1
santxbrit,1
RyKaBpriv,1
paradis_js,1
DerekJa47329484,1
SnailsKiller,1
alanisnking,1
pillsmills005,1
rich_sibiya,1
Vineel_Raj2509,1
Formula1Co,1
Nondabulas,1
Nova_Est_2001,1
HenriqueCai0,1
miupdateph,1
21_thorne,1
nobull_F1,1
liamrobinson94,1
PontiacLSC70,1
ExeBrett,1
QB_Gunnz,1
ivanramirez51,1
DavidNe48668575,1
BullAcademia,1
LegendarysF1,1
nabytheLAD,1
MuhammadDMS_,1
ddeleon2004,1
NealGareth,1
RedbeardRohan,1
lehtinenmarkkua,1
_kojo___,1
GeorgeRussellFR,1
BrazielJamar,1
JMichaelsonUT,1
Srgiodragao,1
sbenn66x,1
premystic,1
J_Confirmed,1
x_tcx,1
ROKI_GR63,1
RobinsSanders,1
marishadolly,1
SOPyO4jflPq4OkR,1
surumeika2010,1
ecemscrp,1
GER_60,1
nicolesfrogsuit,1
Monw23r_,1
geplatinum,1
HigaiomS,1
earn2lol1,1
Bhavin_D29,1
kerenwestt,1
boggydweller,1
SpannersReady,1
Ayotubora,1
daniwaridel,1
TheReddBaron1,1
ChrisChros87,1
MarilynMyers89,1
LelioMetralha,1
tesaliom,1
Fivaio,1
nonofurbns,1
brocedes,1
all_serena,1
JonJonBelloo,1
SteeloPlays,1
thoma056,1
MarnieRiptide,1
Gp2Joey,1
toyo_rik1214,1
almutahhir,1
IredaleIan,1
102947Jose,1
Infamousfollow1,1
joelwaldmanNEWS,1
EmbaCubaUS,1
ploomFANKS1,1
Pram23764908,1
saaabuuun,1
sgYxZWr0PpiXjyx,1
WillXavierOfic2,1
DeanJCostello,1
Caio_Muaco,1
Lordvader2009,1
J_Barbosa1982,1
JakeHughesRace,1
EmmaKravnik,1
44Supremacy,1
JS2Tango,1
diegoRAMOA_12,1
MissCarrieW,1
OwnedW78,1
saggytaurus,1
ngina_kariuki,1
AyedaIftikhar,1
martinp1986,1
newtorin,1
ipaulmadden,1
MotorMouth_,1
olafdziewirz,1
AshVandelay,1
esecs1,1
maarcc_05,1
Aggie_Asf,1
lookatbald,1
dueckmarcel,1
HarrisonDias,1
HugoSmit19,1
ToninVautier,1
tezgel13,1
KoryOchawks99,1
DcMBI,1
ryanburton74,1
james_hol2,1
i_Mike_games,1
robgeorghiou,1
takumi_1978,1
jvfelippsen,1
Lord_Potato19,1
elisaachvl,1
lominoodIes11,1
stubborniknow,1
Sae3d__,1
Chief_Sief,1
Gemandjam,1
LoisMurray4,1
GusMachado_,1
kARMA_A_,1
matthewchapp88,1
ansuman1,1
JackSealy9,1
Scott_C_12,1
Chechovel,1
JasperMakana,1
joshyy_Daviss,1
stevie_rf,1
NickoLafuente,1
Kieranbcfc2,1
HazutMeni,1
Daavid_Garciia,1
ma07112233,1
Joost70291212,1
prudydear,1
MichaelBoutx,1
kozozoe,1
RodrigoAzul2,1
guilhermengo81,1
masq1489,1
jtok93,1
avqtrice,1
BTG021,1
victor_nunes_,1
FredSmith914,1
TomCoronel,1
Krogsgaard97,1
rossinhosmith,1
SonMemphis,1
MariaRusanova88,1
Fr4zer24,1
NT7_Lizard,1
HectorMarimo,1
_Hlubikaz,1
Mjacko1970,1
worldwiiderod,1
jreesnc,1
i_bagual,1
winglight_f1,1
TAZtweetin,1
Bossingit44,1
thinxwhitexlies,1
Sophie93310843,1
Ransan_udoncha,1
Ollie_90_,1
michael_c_abela,1
f1losophy,1
3rdBrockFromSun,1
ThisKidEU,1
Loraah__x,1
JakeFrankGeorg1,1
HillF1,1
IvesMonteiro3,1
pmuoge,1
TnKid71,1
markporteous,1
mrtipoff,1
HexHeizzy,1
BillyJo56936922,1
BiggestChimp,1
_PierreY,1
UhmmHeyiguess,1
Cryptobee1971,1
everlore999,1
LeighHow,1
WesAFC14,1
JoGubbs,1
waqarrahmadd,1
ViwePotelwa,1
justt_designs,1
almanzajpg,1
ScootG1988,1
TerrenB_7,1
Sisiballo,1
Mirtha08333770,1
benrathe,1
SugiRaikkonen7,1
CQ724MqOcStnWCX,1
GlennWolf426,1
lexiixxll,1
joanpereira43,1
anishastwt,1
AlexJelloo,1
thebtcbull69,1
Peter_Moody92,1
ClaretJimmy,1
rauldecatorce,1
B_C5504,1
evnalt_,1
pops_kk,1
Tezqro,1
BlackFlagMatter,1
pmr24875,1
princegasly10,1
JSaylorIII,1
JoinerJohnny33,1
CHumiliation,1
NicholasLatifi,1
nockoresa,1
phenixrts,1
simoes72,1
arrieswim,1
AFC_Finn14,1
askolatte,1
TheRealMickCla1,1
suqqhapure,1
laptimedeIeted,1
usa_p_house,1
justbarasa,1
RichardAckrill,1
kianjsbennett,1
iam_jayceekay,1
TonyRiewer,1
thefaultyy,1
KENNo777,1
JJD823,1
RebeccaAnalyst,1
lololol98315384,1
butofcourses,1
23denise,1
LoadedLion3293,1
JustCrac,1
Connor96004107,1
TLajas,1
racefansdotnet,1
Ralphy_7,1
ISALOPEZ_,1
jasonw83,1
Nick28T,1
Race_Dominator,1
SHZ_Koen,1
aredotjaydot,1
Ryo_Dekoppe,1
Itsgh0stbee,1
rbeltman,1
SFeatleyF1,1
PremierSimGL,1
FHO_Racing,1
Motor_Sport,1
AverageData19,1
Shapinaak,1
oxyuris,1
fccworld,1
PraveensParama,1
alexibarra01,1
BelovedGoat,1
wetz2005,1
Madhav__44,1
tomoe_josoko,1
fistaaaah,1
kendirect,1
bdotsenol,1
JDTRINI,1
otake_1918_1921,1
Harshva50986088,1
formulaonegf,1
_markgallagher,1
yoshimisteph,1
NorthHertsSam,1
arnautg_,1
TheMotoWheels,1
bernardoam24,1
mellow_cover,1
brian_joachim,1
KensethFan17_20,1
slesh32,1
pinarell01,1
shadowsdimples_,1
f1jm_,1
LumuShop,1
MissChristelleG,1
qidyo,1
chadastra_,1
syre420_,1
suz0081,1
JaroslavHonzik,1
melatone1n,1
McLarenF1,1
maj0cabrera,1
_ItsArnout_,1
TheAnim74795028,1
jbadomics,1
TheRealJNewton,1
MaccidoAbdallah,1
racingstatsman,1
PorridgeMaster,1
DJDriva,1
JART2002,1
BrianW00946187,1
Lauren_Jade021,1
2grls1formula,1
hannamilkovich,1
MomazosMissy,1
BenTheNascarGuy,1
kjb1268,1
MidnightMason2,1
LeaoDeAlkmaar,1
emperor80qok,1
DamionSmy,1
Daniiarts3,1
DriverzF1,1
LauraBADDAMS,1
notyourfatboy_,1
fia,1
FormulaReaction,1
DigitalWilly,1
kaz248f1,1
clarkeystu,1
_Mu_uM_963,1
asof_lovakane,1
LilyNorrisAlbon,1
Noor_Saeef,1
francine54190,1
aaroncc72,1
Duha_x9,1
AFCL27,1
MVSVDR,1
VroumChampomy,1
BrianWi72967968,1
vincent_otie,1
webverkoper,1
Michaelrennick,1
Mangkulangite,1
timallcock72,1
rafaeru7687,1
dexterreid_,1
F1,1
bcngallerycards,1
fiagirly,1
eBayESP,1
RichieWdrums,1
JohnFrost,1
OublieAi,1
gbdeoc,1
Blueowl70,1
OnkabetseStudio,1
ZMayget,1
virtualstatman,1
nic_garman_22,1
Samdsouza1698,1
thomas_mnd,1
abdul_jr_,1
ByCSauertieg,1
circuitspa,1
koockieJAR,1
AliciaDearcega1,1
motorsport_ab,1
Planet_F1,1
StarlingCrypto,1
LivinxKaal,1
YueRkevin,1
PMZF1,1
BatistaDavide,1
JuanRet90,1
ohhhhfuwknooo,1
crymbuso,1
LifeofOpuscula,1
IBNU_JAMAC,1
esr_azan,1
YatzelysP,1
BoeingLufthansa,1
swamysc11,1
saffronrobes,1
TheGhostRaptor,1
DanielWhite67,1
LONGLIVETHEK_NG,1
Sanjith42463008,1
nyaxa,1
Rjones3438,1
Psamuel_gh,1
CroftyF1,1
KingHrbs,1
MDV7,1
phil_soskin,1
Liban88,1
charlie24255,1
needyofdavide,1
_01kiki,1
SteveASquirrell,1
DaveLewin,1
archiecassie,1
Carlosaor21,1
_Reginacf_,1
AlexCartas3,1
lenadiego,1
StyloDZN,1
NetoDemetriou,1
VERSTAPPETES,1
ArtsAlfons1,1
Samnz007,1
FranciscoLey19,1
SirTalllPaul,1
JohnSaysell,1
mark44stfc21,1
telloeddie,1
Victor77332509,1
stewada,1
Tuuperware,1
27Gabriel2005,1
TeamGR63,1
1specky,1
F1Visionary,1
simonrwfish,1
andrewbensonf1,1
LianStein,1
catriona_seed,1
noplanist1,1
M_Mancha,1
colennima_,1
WhoAreYouRoy,1
djamilamcbenge,1
littlehermit,1
DaisylovePoppy,1
F1Media,1
alkhattall,1
KeviCassii21,1
OWildling,1
CoreyWe72949650,1
pedrogr89,1
TrainNutterYT,1
Jimgroom92,1
Fher_Alfonso7,1
JohnPierceIX,1
bt42kizk,1
_CarlosMoreira_,1
SamTapTap,1
_xGonzo,1
_damien_white_,1
_MikeBishop,1
HulkHulkenberg,1
Dwolfe401,1
graham13251541,1
ShortAxle,1
James_Robbo_PGA,1
WossieMonster,1
Mariah_LFC,1
WuxiaCultivator,1
CalWilsonTHFC,1
__straightfire,1
aryanminiar,1
Th3_Bell_Sl4yer,1
chfmichel18,1
JustDemulcent,1
mindfreakMayank,1
teamLHarry,1
wesmor01,1
arsenalgoon,1
BanaanBoris,1
edeko_emmanuel,1
lewis_20111,1
integr_Scotsman,1
Esteban_Fchr,1
MV1BIEBTAN,1
RJVDB12,1
smoothlews,1
DeLourenco08,1
CulletonJohn,1
LondonYG,1
Nikkipage44,1
worldchamp44,1
LLSantos35,1
ozirismg,1
TshidisoI,1
MsportXtra,1
Vetteleclerc,1
krishGovender58,1
_jackhy,1
EmmaEliazer,1
AndreeaPna,1
titanori,1
AboObadah15,1
Alainsku,1
Vylkeer,1
OzzyO1212,1
BurZeus71,1
jmckinven,1
donlanky,1
betterf1news,1
wartek1234,1
peltzmann,1
Joseph_Cote,1
jamesbcfc4,1
JoePompliano,1
JARVISFD6,1
joaocastro_89,1
ljoy021,1
ray_ban,1
SomersF1,1
Shinya__Pkai,1
overwater001,1
dontyellitsrude,1
jneus81,1
DjFIL007,1
Ilebekk8,1
michellespratt,1
sisenalouthando,1
J_Miller24,1
electricpetrol,1
loeyxzhan01127,1
NozusOW,1
annika_cast,1
AndreaEttori,1
FreemanLowell01,1
hshs21_,1
HydraxFN,1
_illegalgirl,1
Makhiavelllan,1
Skhumza,1
perry_papito,1
LeeCraddock10,1
_iss___,1
deepjama,1
Schofe,1
TrimusX14,1
_Awayfrom_2_3_4,1
HaruHaruto86,1
bigmc67,1
JennaFryer,1
ArtSaSch,1
Kipere_K,1
isamoredias,1
LewisHamilton,1
tango288,1
Jesusmvr01,1
ga1lf,1
lufcjack33,1
MotorworldHype,1
HCERONC,1
LordHthegreatH1,1
Dainty00089412,1
rcracing,1
watershipbrakey,1
1979greggs,1
_LadyRea,1
2B19385375,1
iNaveenK5,1
evs80y,1
JoH4LH44,1
bayraktarsahinn,1
RulesBenitez,1
helenlhill,1
laurencemarks64,1
MaxPowerSupport,1
JessFor44,1
gmarioalbertot,1
daniiipp,1
Davidlaz,1
MwendazF1,1
Taws09,1
flavielovestay,1
GomesPaulomc,1
Lewisbr85491744,1
catscatscats89,1
lewis_everett11,1
thef1journal_,1
JustJoshnYa_,1
weareeeepenguin,1
abdilla_faishal,1
triptube,1
caiaodopao22,1
lead2324,1
Brayanrvz_P,1
LuisVieir6,1
willypaniagua24,1
Gokusan201414,1
jaimegaldo17,1
nev_GG,1
willbraisby1,1
MadforitUK,1
RahelM44,1
markvkeulen,1
BunnyJ001,1
Billyboi_____,1
MattChoumont,1
lewisince88,1
ErinflMoore,1
Don_Senderayi,1
stan_racing,1
AngelaArchibal1,1
vegss1,1
lostockgamer,1
ant_iuculano,1
realScott_Free,1
kimber66803239,1
J_CanoV5,1
benjhunt,1
joshseabourne95,1
Cligonio,1
exert2020,1
mercedesamg77,1
F1Friendscup,1
LukeSmithF1,1
JennerBetty,1
addidas,1
Lenoirreverente,1
rumit912,1
olacolegaaa,1
WHUFC14231716,1
ButcherRich,1
fabalderrama,1
naylor2006,1
timkimani,1
r8r,1
FaadilD,1
Treacle34920601,1
NebulaMK_,1
Gapss3,1
SFarkhad,1
RY0LS,1
samhamilton43,1
djsumpter,1
TheRealAspiron,1
Enri_JT,1
formulafedee,1
polexes,1
Mal_DuBois,1
RyanONe76103518,1
fil3638,1
StevenProfitt,1
FRA4TZ,1
_butteercup,1
MartysNUFC,1
mcliffo5,1
junkstory0031,1
cjc141265,1
ianct977,1
krispybacon60,1
davemusing,1
faizzmrii,1
manuel_jesus17,1
SirLewisEnjoyer,1
Annelisebrady1,1
hugoaaferreira,1
NlKOLAII,1
fredrikfurt,1
t_ttrain,1
Foxxrex,1
Patrici97318036,1
dauhreen,1
JosepLluis_zapp,1
mollyellenF1,1
le_biscuitr4pid,1
TayMcG24,1
carloskater25,1
isikhasmet,1
miyagawa55,1
ChrisAvilaO,1
GearboxGirl,1
radiolemans,1
JoshPtol,1
EASPORTS,1
astrallum,1
alvarojrzvldz,1
quiacasaIoro,1
andrejunior76,1
dlbriggs8,1
IchibanKasuga89,1
TinoFreijo,1
T_F_G_Mitchell,1
SpareSteward,1
Kushagra9320,1
lewishamstring,1
Ldom,1
XnoraXmznX,1
NicoPerrimo,1
F1JS_,1
alexmx18,1
SIRKINGKEV,1
pujiantoandii,1
fabricio_uribe,1
KindessWins,1
AMR_Official,1
SebastianGoroz2,1
msstellarose_,1
sknifty,1
HagoortRudolf,1
aDhafeeri,1
Fiona_Arks,1
JB__United,1
casseyjoysolo,1
xdemi_hx,1
Carni611,1
Aldeni_Crts,1
MissFayeHo,1
Tim_Oldland,1
Heineken,1
tasumida,1
coltureh,1
takashi_p007,1
_mossam,1
FaynotN,1
sasman_tofiek,1
beaatrizrosaa,1
magictapetaiki,1
joacordguez_,1
AMGDenz,1
route_57_,1
larusso77,1
arrowspider,1
Browny_95,1
SumanthChanti55,1
CamThom4_,1
kelenchelsea,1
miniBengalo,1
hamlwat,1
Mageu93045060,1
MertAliYeter1,1
SYSTEMNOR,1
onlyseepink,1
paddypower,1
pvrvsit3,1
LelliMandela,1
dino246gts,1
KiwiRespecter,1
joonamammi,1
NailaSmk,1
DylanKe09193346,1
drew180818,1
DACDibble,1
checciardo,1
eddie_snail,1
silverstorm74,1
Moixus1970,1
naom1s_,1
redbull,1
hope_gaffey,1
Hammondshobbies,1
c_spalt,1
LIQUIMOLY,1
Dane99_,1
TommyWTF1,1
OGraham03,1
ferlob_,1
craigel12852207,1
Chesterpeake,1
Dan_Palmer17,1
mashup_talk,1
EstivalisZamora,1
HH_014,1
terra_money,1
ZubedaCFutures,1
CANewportBeach,1
Formula_Isabel,1
AmadouB4728757,1
ET8_Vengeance,1
Lukemoliverluke,1
LoveLew85,1
XaelTheArtist,1
lawrobarretto,1
JimJayawardena,1
WSanders33,1
SaleemKhan01,1
MclarenFrance,1
emeseis,1
yamman3,1
manuela_kara,1
ErikZarins,1
SennaStirling,1
Topps,1
Evelynm57864806,1
VladislavCRO,1
SavMondo,1
RickUgchNL,1
iwayworld,1
iamedy72,1
AstonMartinF1,1
ChartersRoss,1
DavePills,1
MyEmanu,1
jeune__roi,1
warmvanxlla,1
GUCCI13720673,1
ccaarroott14,1
wrs1973,1
CarsAutosRides,1
tearea13,1
george_odongo_,1
ksovm4,1
Flotschi_1204,1
hbmc87,1
Pvolador_,1
j2dumfounded,1
slinkyarms,1
OtterFr,1
AdamCLedet,1
James70219030,1
EmbassyGuyana,1
Jigga_247,1
Rachael35762989,1
lehanejc,1
289Marius,1
sikkokunoMasara,1
Teixeira_555,1
DedeSAbdoullah,1
_ellmari,1
MauroRodAlonso,1
karranoconnor,1
tleany,1
gabiprmoura,1
CurtisPiper7,1
DavidFieldSculp,1
coelho_21_,1
ShimsMowing,1
NickBuckleyMBE,1
TomsBarry,1
ChrisWr04368455,1
Esserex22,1
Robfm,1
mn_ms_tl,1
cryptocom,1
AnneleahF1,1
Qualcomm_EU,1
Gamer__Guy,1
SecBlinken,1
goodblue77,1
f1_me1,1
NoGerily,1
ELRUSSO46,1
Rubio_Da,1
Rossco2810,1
IrishTimesSport,1
RedBullUK,1
eiqxpXepDRWLWGK,1
jeepee,1
stephenoflyf,1
xPINGUI89x,1
PRETTYBABY03,1
maksverstappen,1
carolllparente,1
MatWillay,1
tonyd958,1
BarometerRising,1
f1NajLH,1
TheSaulGoodman,1
EllisWoodman1,1
LadyViii,1
colinlfc13,1
WRX_STi_Type_S,1
CricketMumzo,1
thebrowill,1
1patryk_,1
kyleprenter_,1
godlikegenius31,1
AnonFIR,1
hemanthg4,1
ProfBootyPhD,1
JUSTEIRVING,1
AlexanderVu17,1
T0NDERAI,1
Teflon001,1
AdrianSaldana,1
EricoVin,1
btswilliam1,1
TheKritike,1
IAmGupta,1
TwitchAdxms,1
cryptonero2,1
msar_bwel,1
juarez_stuart,1
Becks_F1,1
char_polarbear1,1
jonespineapple,1
MotorsportWeek,1
Siborg1967,1
SompEdin,1
DivyaishGoyal,1
AnotherKofi,1
Big_Baby56,1
Antipolluters,1
jamxsgreethxm,1
yozaac,1
TobyNotOnline,1
paccmanjoe,1
bordignon_cwb,1
anetteelizondoo,1
TomLeachHL,1
DavidHu63544211,1
StDenysAleHse,1
LoggioneSport,1
ThatEnglishGent,1
tonnesofun12,1
LopesWallalves,1
MartinBole19,1
Wednesday555551,1
TrazioneAWD,1
Oliverdirtyb,1
DocsFooty,1
AyandaHlanjwa,1
_schreavecalore,1
Theo_Amp,1
Mqrr__,1
AlexDanko14,1
HadEnuffInNV,1
esserealice,1
TAH_Kriminal,1
ShoNuff727,1
ReganSweetman,1
fabforte,1
TheFlyingB1n,1
egg_mc,1
Kueenie_Ara,1
peterhu40283803,1
Jarviik,1
PaulbrooksAMG,1
LFCR3D,1
JimBoi99,1
Professional_MG,1
BelenCardus,1
rolnroz,1
Julie_62000,1
KiarashBazargan,1
ck51201,1
rashbaey,1
joshtweeterson,1
Vin_bld,1
GordonWheatley,1
murbanvideo,1
ShreyashdoobZ,1
Matt_Bove,1
kwamelypstical,1
luisguy61,1
jafartupi,1
Kimmy_Noni,1
Gusocalderon,1
CatboyCycling,1
joaorabuge,1
JackieAshley13,1
RealCameronMcUK,1
wozniak_stephen,1
josephromano800,1
glennfreeman39,1
ale_kefren,1
Theo_Thompson31,1
viquidls,1
GamieXP,1
drdancake,1
stardust_lune,1
MarshalAfterAll,1
sato2_1002,1
Urgency_0f_Now,1
StratTwo,1
Dmnq92,1
Amikins84,1
thibjst,1
DeeaGaby20,1
AlbertFabrega,1
emirates,1
f10ivan,1
ItsKingWanga,1
ParminderPalKau,1
Xeakpress,1
Friendlyspoken,1
kyo_akiyama,1
Lammy95814716,1
micro153118993,1
formulamelie,1
Crusader20_11,1
Ajessop,1
DumpMasi,1
lady_runy,1
eivics,1
popsyosh34,1
thehunterboggs,1
Jeff_TushTush,1
makokmaks,1
HectorAlonsoVP,1
HarlemGetsMoney,1
ZayanK04,1
Arthurprt_,1
Gingerboi_2115,1
SecMayorkas,1
shef_kucharek,1
timryuken,1
Nefta_Salazar,1
Specter__Harvey,1
ScorpioBert,1
iStormCloud,1
outlawz_bt,1
xCassDean,1
phil_selby,1
welshwiZhard,1
IIIJuanIII1,1
royasminn22,1
wbyron_luck,1
nandomcfc,1
Ferrari,1
BrunoPint041,1
RSCKelso,1
thismorning,1
s_m_customs_,1
RobHarris,1
10jack63,1
Alan45075546,1
Gravin_Raaf_,1
loveyou3000_liv,1
yellowfevre,1
__mharis,1
Ian_Soper,1
Leahowenlolz,1
keeyfloresz,1
Kayarel,1
TeamLHTobey,1
thearmstrongs79,1
jblefevre60,1
soph_marr,1
amysavannah_95,1
Pebe89,1
MGvanDalen,1
Dan_Meneguine,1
reyesrico,1
MartinHolistica,1
toneolegit,1
Walison29875196,1
mukabimakokha,1
CharCujoh,1
ferrante_phil,1
GautamJey,1
lesmo27,1
LiliSantos1505,1
jerrystackhouse,1
JackWSS,1
itsKatyLawson,1
Steviemac500,1
recclg13,1
ABolton_90,1
photo_gt97,1
PidserB,1
_Langaman,1
yukki_xy,1
elisamarquesp,1
vengefuluchiha,1
Monoxide_uG,1
there_is_no_if,1
ericamsmota,1
LindsayPB,1
UnboxedCrayon,1
tigbuh,1
KingImania,1
cherrglossy,1
bricksieJ,1
RACERmag,1
DarenLaisse,1
KaorSat,1
eimarcosmattos,1
saclarke1,1
andyhunt296,1
rickyreapers,1
DJPUNKROG,1
RUFORE1,1
splatcat16,1
CONORODONOGHU16,1
colinma85846816,1
haremach,1
JeanVinet2,1
KiliannJka,1
Toni_Oliver12,1
MichaelJeffNun1,1
gigi_teamlh,1
ct4224,1
robertsjean58,1
AntoMercier13,1
henriettak,1
SS_Bluefoxx,1
stanreport,1
Xbond49,1
TRI88rbr,1
ne_eeve,1
oldman_Rod,1
AaronMolloy6,1
A_S12,1
NickWar60750743,1
RubenStafford,1
MkivaU,1
AlejandroIller6,1
imtiazhmughal1,1
MV1_Supremacy,1
matthewungar,1
INTERPOL_HQ,1
tony_jardine,1
JoeBloggs747,1
_M0rt0n,1
MacrosTh3Black,1
jamiemilligan10,1
louweeeez_,1
imburakgultekin,1
Aperta,1
Team_Mentalism,1
InvictusRL,1
scholeslarry,1
Thorad_Agena,1
Yash03067,1
TestaRossa1980,1
ElIngen87122320,1
WorldOfTheMitch,1
elskwhite,1
purpIeserpents,1
petergee102,1
Xsergi291,1
OMS_Benji_32,1
TheReal_Jason,1
Krisayy,1
PhilPeters90,1
bhasyam_deva,1
gaandmaraapni,1
hockalugy,1
F1Tuits,1
F1_Jordan,1
changbeanchani,1
Maupenagos,1
DiogoBoica,1
austjnc,1
vgvpaulino,1
EthanDunn13,1
eimearms123,1
SilverBird81,1
tiff_tv,1
SebbyHaughtonf1,1
Raraloko,1
JvanNiek08,1
LH44AA23,1
ThomasJ23158491,1
Europol,1
LIOTH_,1
TheRealSwifty,1
Karll_brinkus,1
Rinanovakfan,1
Pirelli,1
BolingoliF,1
KindleDd,1
chaizuizu,1
GBrown84,1
AsborisSala,1
cel_stone,1
unjadee,1
MTHD_Official,1
ArwenDR90,1
HSouthwellFE,1
robhen92,1
bobpockrass,1
causa_rellena,1
WalesWalescj,1
louisjoe95,1
l1on501,1
accaleys,1
mevsem,1
Anthony_njie94,1
FCZvezda,1
P0is0n_Dagg3r,1
RichLaurie2,1
jpinto_77,1
RichardUgass1,1
Twinspark74,1
Sammie54361,1
Harhar1984,1
marttinator,1
KPerami,1
Alvaroo_17_,1
AlvesTF,1
bruninski001,1
MeineLinkeHand,1
Kupilainen,1
AdityaDevavrat,1
beldimat,1
kevinjacox,1
simonpartridge_,1
smupp1,1
signe2896,1
WestHam,1
gazparsons10,1
RobJohnsonShred,1
TheBaylor,1
Marooned_Sailor,1
markdondish,1
allengsimon2,1
wozzauk,1
Ftoriano,1
Grunge12956425,1
jakeywakey1,1
scrapper11111,1
SteveDPIves,1
RodrigoTA5,1
SimoneFalcetta,1
EmmaVodden1,1
putuananditha,1
JavierC1011,1
TommyPickles933,1
CFCZaLeX,1
Chris_Wi11iams,1
Stevemichael328,1
caolanwa,1
Mwin_maalo,1
jk_1997loverx,1
barryweston,1
4ndres_ar02,1
MauricioRF19,1
KelvinMongare,1
Lhinternat,1
duppfu,1
ScottElliott10,1
baltaoglou,1
willmcvay,1
abrahamfredy01,1
idkmate86362381,1
Gr8A17,1
vini_ldazai09,1
lexa97,1
nickdeshpande,1
Bembezi,1
stopit_topit,1
FYbaseballNFT,1
AmandaDemir,1
TagSaraknows,1
davve2010,1
KatherineToth44,1
owenkk7,1
goody37,1
LeapyLeigh14,1
Farinho_10,1
747Anj,1
DaleRender,1
illuminatevs,1
BradleyF1YT,1
Itz_Smileeeee,1
theJoseCamacho,1
azeriafx,1
Buffalorious,1
fanboy_do_33,1
crazyandgrey,1
cgrjunior,1
rollerwe1,1
FirstsportzF1,1
DarrenLBrown1,1
Rookiesas76,1
PatriceTouchard,1
satoshi8928,1
trevajct,1
kazusaman,1
brett2309,1
fortzon,1
KassandraFawkes,1
tanyajunghans,1
MelissaNathoo,1
xx_Jadiepie_xx,1
kickflipv60,1
AdrienBottacci,1
MonacoNotFrance,1
hollywills,1
cattv96,1
jfjabbo,1
eanasA250sm,1
philauton1985,1
inartynroulds,1
g_old_maind,1
Bernardin0_16,1
PK198X,1
KunGOAT1,1
_dolphin_30,1
__S_U_S_H_I__,1
reetah__,1
RadioSportsLive,1
JackieF1nut,1
Thuso79138342,1
SwipaCam,1
mike_2346,1
cago_hediondo,1
peggysue198328,1
AmeerSamsodien,1
PopsyVicky,1
wellsyg,1
pronoobbhatta,1
DanBrow48165780,1
Jare37157459,1
JasonMikola,1
Chelsearory,1
ortagas05,1
PresidentBigRob,1
cotatso_M,1
Jude3927,1
r0adkill78,1
parth_singh10,1
PRObtwTM,1
NBojich,1
gina_asada,1
j0rginhooo,1
eekaterinachi,1
ZNi9e,1
NirmitMehta10,1
ham_28,1
JuanLuisTostad1,1
SkySports,1
Max_Vgs,1
_tracktalk,1
LAS_TEGO,1
msotelo63,1
rothwell_tim,1
georgyfelix,1
Mo44President,1
ICMdoc,1
MrDanzy83,1
MyNam3lsJ3ff,1
mryktys,1
KorantengBroohm,1
hadgett7,1
coconutshygam3,1
IDembouz,1
haneumaracing,1
JerryRafferty4,1
spurschick81,1
chainbear,1
DOBBA1991,1
foluwafemi,1
masafumi_s731,1
antonymonk,1
LeclercNews,1
EngDesignIng,1
Jake_spurs96,1
marydontmind,1
M_Antonio0913,1
Biddibops,1
SanderHagen5,1
capitaocorona1,1
BkiThebe,1
callaway_claire,1
KJ16976372,1
Predaluck,1
justngsimply,1
jey_vsc,1
ScuderiaMilani,1
TommyLeeHopper3,1
SergioR81699627,1
snoopy_tnk,1
ChrisPaulDesig1,1
Deefensraum,1
OapCrypt,1
RobLMyers,1
librarymet,1
AlexBarra9,1
FVRCampeonato,1
Gbets,1
megan_banfield1,1
McLarenF1Bear,1
woolly1966,1
djabor,1
mjrw85,1
GasMonkeyGarage,1
juanma_30,1
OmarSilva0419,1
jboustead13,1
TKGore,1
JBenaHigh_Time,1
BSAA77,1
Jaggy2409,1
astolfosthighs,1
LukmanAgboola3,1
YAIRCLV,1
ActuFoot_,1
J_Wheels23,1
vivcorpse,1
B17TAS,1
AusterRyan,1
dugald3,1
dinosaw13,1
MarcusForrest7,1
olayinkaoluyemi,1
RevolutionKarti,1
kenny_laemna,1
stephen_bs11,1
JessamineH10,1
adamcooperF1,1
ff_fffffff_ff,1
chochobnob,1
F1Tendencia,1
_HenryMill,1
F1Atika,1
accordpublicc,1
JackDunc1,1
Annemariedarby,1
TREK_nm7,1
storm3326,1
youngypaul,1
Moscow_1985,1
SilverArrowsNet,1
PedroAlloday,1
FormulaUR_,1
RepsLewis,1
GayCars,1
Sherriff98,1
IqbalUllah,1
Daniel_Eche21,1
carolynom_84,1
Lokihan3,1
DanCordwell13,1
sofiapo1,1
Wessieworld83,1
cedric_bvb,1
nori_333,1
NudgeTopia,1
AbbieAJones,1
Abou1290,1
GiorgioLipa,1
tedmosby112222,1
EdSpencer99,1
cmadongo,1
PatrickHaggan,1
ChahtaMs,1
badibulgator,1
Official_cTrix,1
iitsBreeezy,1
savvvsstuff,1
brawngpf1team,1
WatfordFC1979,1
ChrisMedlandF1,1
AllSportsView,1
TubboTWO,1
onthechicane,1
Txl8DcVCmwOlJP3,1
rousesampson1,1
LottieMartinn,1
Neeeltje,1
AutoTradition,1
_mimiplus,1
MallakJad,1
occor6464,1
brexitdone2020,1
eagertogo,1
dqrknesswithin,1
gwnmyca,1
14Floflo,1
FilipSuchora,1
ceoo75,1
F1MobileRacing,1
kento_cn,1
champagnerafa,1
HNRQBRGS,1
GambleRenea,1
EmilyKatze,1
Andrespg97,1
adilray,1
Slideways_77,1
CesarNevarez10,1
Kris_HK,1
Qualcomm,1
barislardayiz,1
JonathanSteward,1
YouTube,1
x44dav,1
wizzkidwas,1
briciobarsan,1
emile3k,1
karunchandhok,1
JensonButton,1
GpGp60075611,1
8timewdc,1
LandoNorris,1
SpotOnJonny,1
_Paul_de_Souza,1
cauterize1750,1
NaibafSerolf,1
LoveRespect44,1
rahul_Formula44,1
ASSEINGEAR,1
bradsuttonpr,1
BlakesDomain,1
awesomeguy2008,1
REbihari,1
Bert_Cornelis,1
withFND,1
hamiIton44,1
aleksan30409461,1
almurray,1
iulian_andone,1
W3R0N1K4_,1
Bodkar1Karen,1
xRedliine,1
MF1Updates,1
Carlossainz55,1
jpurnell,1
iworkinazoo,1
MrKopano,1
UmaronCars,1
Ngangat1,1
The_Eledora,1
PondSkater,1
janiceobnhcry,1
ROBO_GEEZER,1
emilio_tenu,1
RSBowi,1
HondaRacingGLB,1
GVjorgem,1
AnnaOliv11,1
sabzz_moola,1
AdriRS19,1
MaxedRoman,1
BradleyPhilpot,1
Ruben_24_1893,1
BrendanTeamLH,1
RacePerMinute,1
oly_palma,1
fretmistress,1
Xaquery1,1
jgsbennett,1
DanArcher17,1
Leparalajazz,1
r_takey,1
reservedrivers,1
iiiuminateandy,1
Formula_HAM,1
Teejay_Ke,1
mitcho876,1
CrazyCowBazooka,1
kevinDaCosta100,1
HavertzProp_,1
evilan1,1
Svenopedia,1
RacingTelemetry,1
thijzabrouwer,1
absey25,1
jasonbperkins,1
YnWa_Zoski,1
hazzaaap,1
BillWallis18,1
D50872556,1
SusanaJ10670164,1
sierrachampion,1
TheGenetik007,1
EdmarPassos8,1
louis_utd,1
PeterLazzari1,1
sarahmog,1
KweenJosie,1
AEgbuonu,1
KarlPritch86,1
M2_6ORE,1
longballss,1
amadu38,1
DavidPiltman,1
PetkarActually,1
bettsop,1
tim__gray,1
itisi_00,1
BatmanIsOrphan,1
ssirooooo,1
KS7Fitness,1
washingtonpost,1
headbanjerhimz,1
ReciteSocial,1
DnfRacers,1
AlbaneseLaura,1
jorginadonna,1
ShamiKalra,1
EsterSVX,1
mercedesbaby44,1
Haldane_88,1
segundoatdell,1
ArzOox_,1
da_real_tolo,1
AMcLeod2002,1
X44Racing,1
strazzullo69,1
ausgrandprix,1
TTGMaverick,1
Nonpartisanism2,1
sebaspastor1,1
RiverCityRanter,1
H4464676243,1
GSURugby51,1
babyboicarti_,1
Mr_tuckman0864,1
BoredArse,1
RahulSuriarach2,1
kingmorrish,1
tomoakisugiyama,1
erubey_almeida,1
D_will_ROK_u,1
esvegateban,1
Matthew03Wood,1
dbsantoos,1
siemerinkjob,1
akilahmed_,1
F_Dwan,1
Nacho06638119,1
Lacazettes09,1
RisingDownwards,1
Solgaleox_MC,1
LaraghMai,1
Drip_Machine,1
totalizzie,1
nagyd89,1
Neyser_Whiskey,1
Aya_Shaker,1
maxysolid,1
Zurkrat,1
KingvagabondHOL,1
DomSramaty,1
nobu_RedbullF1,1
MRJHJoseph,1
f1clintashas,1
Formula24hrs,1
jasonbarr3,1
ZMCMC,1
zugspitze2964,1
JaredBorislow,1
gsxrmatt,1
PranushaReddy93,1
KristelLimaG,1
nialli,1
f1lu_,1
Swervin32_,1
oldtweety21,1
albayrakonur,1
TheGreatKyleD,1
mynameis_boris,1
DEEDOLLAR,1
sol_ahmed21,1
crvgnanda_,1
tezos,1
ricardomendeszs,1
BennyBoogeyman,1
marccsr0,1
feranick,1
SaraNovais20,1
NeilMacGregor63,1
KateBDoll,1
Flipper1205,1
tarmactorque,1
EmiMV_19,1
MollyFS44,1
Bnkr4L,1
AntonioGal3,1
Wokeannonymous,1
leguilvinec,1
soulracer,1
Sidewinder_16,1
lowdonodwol,1
Sakuraholic_jp,1
CRE70196611,1
silentxmedia,1
BAB7BLUE,1
RealNyaatsuki,1
mjjbplo,1
Clemson1889,1
eCKB_84,1
ifarlant,1
gustavogusz,1
rense_1,1
A_lva26,1
___Tokino,1
nzojiie,1
MARIOFAN252,1
jamesrodwell5,1
SeatFreshSalad,1
MRothwell8,1
joshrevellyt,1
FloPo27_,1
AndyBellSDS,1
denisyorinori,1
toudorlucan,1
chavez_gto,1
xaver_tschannen,1
Bazm511,1
DanielBranco_,1
RayyLH44,1
Inmyview5,1
_kihanwa,1
george_a_land,1
lovesongnorris,1
foolformick,1
Jantjebetton,1
LovelyB_Gamers,1
ogg_96,1
win_n10,1
PestieauStefan,1
atlanta_cards,1
TsuPerMax1,1
ElycardoBrito,1
WilliamsdbF1,1
Aidanbanerjee__,1
H_Moraan,1
faridszn,1
Agustin_Caval,1
toastedingo_irl,1
ff_4t0s,1
krera93,1
MAX94642006,1
HEAYVETTEL,1
RishitSharma3,1
Incentiveorg,1
NASCAR_GENIUS,1
VintageLastFlag,1
anaismnnt,1
Dr4couis,1
sky,1
2202000_,1
123Rafazx,1
LoneGeorgie,1
Westgaming96,1
VelozComoLaLuz,1
Sandeepmander0,1
eternalize_this,1
bermarynne,1
quality892,1
ScuderiaFerrari,1
julesxpos,1
richenergyceo,1
NoahWil02713553,1
DoeOphie,1
WathekaJohnson,1
NavalAirHistory,1
debruynestan_,1
camiladavalos1,1
SineadF90171009,1
StevenW44946909,1
Zee_Shamase_,1
MaiF1World,1
hithere41617413,1
pitstopfracas,1
stiffknee66,1
nikola_wokic,1
neLendirekt,1
JosephWorrell72,1
oceanpinetree,1
book_lover_8,1
carlosgarfern,1
TAKE_84,1
ZoHanLeGrand,1
frankjlle,1
eggnchips2,1
popcornman1212,1
CedricBaumgart2,1
ahmed_laido3,1
chandlm2,1
_nea102_,1
barrymorgan80,1
wkotira,1
StockCubes3,1
wilkinson_steve,1
Pochettinomag,1
caswellh,1
sidneylandsam,1
gabriel_aguiarx,1
thejaybob,1
SlicerShanks,1
GDubRacer,1
AlejoRuy,1
BeyondAReasona2,1
itstheoldman5,1
miguelvalverde0,1
MrKP131,1
Backupdevice2,1
GuadaFleury,1
2lipsonyx44,1
ameera_saleehu,1
0dd8all,1
MLWEFC,1
SlowPitStop,1
C0d3nameDuchess,1
AbMimiiii,1
yvewins2402,1
CConceptCreator,1
_TheIgua,1
Slugger121,1
Lux0mniaVincit,1
sauriyeah,1
timhauraney,1
WEWANTGLAZEROUT,1
JMAuty,1
Adelaide_GP,1
crofton1973,1
Neliswa_Nelli,1
RobertLMajors,1
BoselliGiovanni,1
Israel_enciso,1
noe2322,1
owen_lockwood,1
ONaoki0201,1
Jayliving2,1
Mr_Kudamaster,1
GRANGEMOTORS,1
4c2MzbSHJF4SCDN,1
Billy_Pederson,1
svenf1creator,1
SirSamuel501,1
lefootaller,1
_pedro17_m,1
LundgrenNi,1
AnnieJMarie2,1
dami_willis,1
twazamo,1
pop_sin,1
no_jew_hate,1
frontwings,1
putzik69,1
LqFiona,1
ADEYEMOADEKUNL2,1
Girlontopshot,1
Hugo_swimmer,1
Kleage_,1
LoganAurand,1
josechavarin44,1
KevinDadey,1
Shaherah_Arlene,1
alfredo1586,1
DizzleCrypto,1
FloTheJoke,1
coachyoshia,1
luisv5z,1
jordan_hubbardd,1
Joj0_199,1
jonathanglsa,1
bapt_26,1
vsolor19,1
Queretarosoy,1
JudgeJoeBrownTV,1
JaredMymind,1
Harryyy66,1
Jodyhal49885317,1
Dayvidsen,1
BBCSport,1
JoseTDosReis,1
RBbelieve,1
sons_john,1
love_music23,1
stevexn1,1
anthem27five,1
aragsan_x,1
clara__om,1
richafcmac,1
NunezSesma,1
C4F1,1
JSCR81,1
formuIavettel,1
abigail_darwin1,1
CastagnaraFabio,1
LensesDontlie,1
alfonsoReV,1
timdavies_uk,1
mvalstar80,1
conybello17,1
OsamerOfAbuja,1
Yamaguchi_1101,1
hiroki0205,1
new_sp_gamer,1
1221_maker,1
speedlover16,1
jonathanalis1,1
iammrrodriguez,1
biggiecheese28,1
keigo4239862,1
lotuseaters_com,1
spidey_rosie,1
juanfer1595,1
66dragt,1
eclipsejdrew,1
peter__bayer,1
Bikerseaner,1
iammerkx,1
shaunwhu,1
AssumRob,1
GremBandit,1
anchor_protocol,1
monicracar,1
seanym007,1
bnymnkzyrt,1
pqtdc,1
Formula1Jd,1
f1fan86310982,1
BrainwashedZ,1
andrepc311,1
PawelAurzecki,1
Firewalkme,1
ryanpber,1
CerraEsteban,1
StricklandArms,1
Dacha44_F1,1
halma1222,1
desiree08765315,1
carlsfigue,1
bixeys,1
AbhyudayChatur2,1
HS_Preze,1
pgfanbaseupd,1
goodysobu,1
rubenmartins00,1
sidontheblock,1
8ball76,1
yannlux9,1
frankhammers44,1
Blumema,1
BenjaminHoff17,1
skjelde1,1
philbertosilva,1
BogoSportsCards,1
NewsBst1,1
SirlewisH8,1
Talote7,1
RDezall,1
aledulefq20,1
Isaville10,1
saracyruslipa,1
yemyelc,1
Cephii1,1
TiGrimlock,1
EaglePthe,1
BlackPegasus_SA,1
SomethingStan,1
Pendleton0151,1
jackbenham13,1
NovemberNicNaps,1
SunSport,1
PitlaneParty,1
garethkett,1
Heerishere_,1
Ifeelsmitty,1
Ireenw,1
Goblet_Beer,1
SiitaLimon,1
FuturumResearch,1
3Stacks_SD,1
Doug__Green,1
abuti_fezz,1
talkRADIO,1
Oracle,1
ScuderiaF1Pod,1
AC_MilanFR,1
JDKillSwitch,1
2ndname_1stname,1
JusticeForLewiz,1
chardcharito,1
tuskercap,1
variank_twitch,1
GuylArnel,1
PisiReyes,1
BoneDaddyNFT,1
thespindoclive,1
anomalyxd,1
RobertB7X,1
Crom_UK,1
WEEDRACING1,1
ccponte72,1
100yontori,1
SESmotorsport,1
tracer468,1
mazzaaaaF1,1
LeeDuncan,1
A_Hobos_Stick,1
l2acosta,1
petes41,1
greavc,1
MargaretLByron,1
y001yms,1
XabierDellugo,1
4CylindersOnly,1
LewLew44always,1
Ozzie_Osborne31,1
ka_remmie,1
Aim_ZN6,1
allenlbell1,1
Boonysthings,1
Aaron08951168,1
HalfOswald,1
YESshamrezYES,1
NotDamas,1
Ndechyo,1
xaviarries,1
loligamee,1
AngelG11181920,1
SrGonzalezJr,1
Ms_Marie88,1
ElaineDuff4,1
CamdensonHWD,1
mbl666uk,1
Retired_Father,1
gavin_coop,1
SAJDI4411,1
verstappete,1
jahanzaibsae,1
carloscjce,1
LateBrakers,1
QuickStopF1,1
wonderbhoy7,1
DenisCifford99,1
CryptoJugal,1
BolenMedia,1
yerisbtch,1
DonQuichopp,1
Yiannis_Cole,1
grandprix247,1
wendy_neria,1
Charlie94080737,1
louisehallbooks,1
GuessWhosBlak,1
WasOnceShort,1
cleary_sylvia,1
Cardiiiii,1
CCavhs,1
Shadowislive,1
MercedesAMGF1,1
Goatciello,1
901Joshyy,1
peterams5,1
DiegoAr00718326,1
RisDeSmy,1
bells_cards,1
Sh4ddowZ_,1
BryVar_Juice,1
freddieplace,1
TimCoronel,1
SurajBalaJr32,1
formulawon___,1
kaniporwal,1
nuerburgring,1
Yames1x,1
swiftsambi,1
greedoxpyoutube,1
leokraaij,1
Innerlurken,1
tdc37com,1
KlaasBoterkaas,1
IanAr47,1
johnhenrypeyton,1
IAMSHYSTIE,1
GregoryNigel,1
Megabarcito,1
rdgs_sousa,1
gena0109,1
Zednekzeman81,1
lance_stroll,1
smtm__LFC75,1
BryanWhiteQwesy,1
matosr84,1
chansida14,1
WTekah,1
bortey_kwabena,1
JLM2304,1
carlosmaga1999,1
JSCooke70,1
Quon148,1
MatteoDaRe,1
Raj_R96,1
hardeep_wh11,1
Galileo_86,1
FormulaNerds_,1
Mr_TTSLuna,1
FIaione,1
EdsonT12,1
FOS,1
YuwanThayakaran,1
_Tshenolo,1
NaturalParadigm,1
Azadgill9,1
FormulaSpaces,1
ninsamakashvili,1
valdeff,1
allynneclark,1
topshotguy8,1
SirTifoso,1
karis_ford,1
Andresromerou12,1
AnamorphiaHD,1
TraxionGG,1
Kneeeeeooooomh,1
Jim_Grealish,1
Boristhespider0,1
LuisSilva_98,1
Brads_,1
Spacs13,1
17_ved,1
RedBeardHero,1
buckywintersldr,1
nh247,1
2022Champion,1
wokabaut_meri,1
emreyamangil,1
Ukie13ka,1
ActionRab,1
Mr_JJackson,1
Kenji_Sawada_,1
lucalderondm,1
subring_0226,1
williamrfc72,1
charlvsando,1
AdrianoT_27,1
RubenUKZA,1
paukaato,1
RichieJR06,1
rickfromstate,1
sircumference1,1
hllf1,1
westrn_traditio,1
PaulDenney,1
wildflowerjjk,1
paarshan4800,1
SChecoPerez,1
PaulMachado16,1
taka_jumbo,1
shirayukihime_P,1
pieumapor,1
Tadaaa412,1
the_staveros,1
liv_si,1
dasistsheize,1
DeeConscience,1
MrNickKnowles,1
mat_underwood,1
ipm80,1
LHiverpool44,1
bacsa_tamas,1
chevychevelle48,1
ldwijesinghe,1
darkpinktv,1
asset_khtva,1
Serena073,1
Iain_h326,1
carlostamz,1
ChaphekarF1,1
not_holp,1
lillieall,1
BabaKok_,1
Damsel306,1
doug_mutu,1
iIoveIHateU,1
TaanujaR,1
OdjoLaI66576930,1
willowroses,1
zoomdigitaltv,1
ReaganRiggles,1
rsformation,1
someRobguyidk,1
WhingerSpice,1
Phykx_O,1
glmiranda,1
Maxcarrotgang1,1
lewisxwasteland,1
TAna8Ana44,1
JustinTPursell,1
juhcapao19,1
DiogoNa75700162,1
samuu_gd45,1
kefayati,1
ImpieriFilippo2,1
_carlos_0318,1
Matheuskxz,1
spiderman59200,1
tariqpanja,1
fabian_burgos_r,1
Cupidoge,1
AWS,1
MattDuke73,1
Tbbkaw_001,1
TheSlipstreamA,1
dragonflystux,1
chipsdelicious,1
MarkLaneF1,1
dburgersdijk,1
arrowfoil,1
Smurphi_,1
T_Sousa47,1
forkienorris,1
SLW_F1,1
Mcluckie14,1
IndianEbGcBcklg,1
deseocukcold,1
jordanskiver,1
JCAGOCAR,1
TvRober,1
luke_hatherall,1
harryy_44,1
ElliotHorwoodF1,1
charlotteeww,1
ieuan1909,1
redbullracing,1
cocoonfxjames,1
YMkyMTwHotDv4dV,1
Lucid_mk,1
masaominakaoka,1
mela_d9,1
ladiem818,1
amt89_a,1
WorldWatchTM,1
PatricioOWard,1
INEOSGrenadiers,1
ysy_0773h6957,1
KareemfanWSR,1
Flakapinto,1
chrisars_88,1
stefxnrhys,1
kingkong0099,1
Sim_D_J,1
jpharraw,1
JedClamblor,1
ChiSquareMVP,1
iWasii,1
Masroor_Parkar,1
ssr71,1
charleemaay,1
Lord_Stubshaw,1
JacobGrafham,1
jamiefox1,1
adamlambert,1
ESPNF1,1
KhabyLame,1
maccapfc,1
davies_kraft,1
Sporf,1
heldercouto_,1
charliepurps,1
suzanna1066,1
Queen_Quelle,1
yawnocsirhc,1
lvsooya,1
CrystalRacing,1
wearetherace,1
Colette93858190,1
wbuxtonofficial,1
klima_98,1
JoeriHarcksen,1
DrTeeno,1
alaaeldaly,1
specutainment,1
jasdf_0211,1
Matsu_LH44,1
Bennime_1G,1
ACPhotoCorse,1
NanosecsoIngles,1
utchayabugu,1
NamalTh_44,1
SkySportsF1,1
manuremains,1
exiga_estefania,1
Thunder_clart,1
thibautcourtois,1
PetterEngblom,1
northhills_love,1
MrPete123,1
JavierMM99F,1
luxury,1
Shihtzuknit,1
pontaton,1
_guiilleem,1
bi5_09,1
busty01,1
ife_os,1
joana__nt,1
Darkprince_CEO,1
EmileSmithRoe,1
_what_position,1
SLH44GOAT96,1
hector12435,1
Ren97421588,1
nunoaires,1
BSLA_7,1
MattAlbrecht85,1
KevinGoblin,1
snackgod,1
adamdanial777,1
kiteflyer1234,1
juls____05,1
loope01,1
leclerc16CL,1
the_Aki_D,1
meimanrazak,1
AstonScuderia,1
RRRawlings,1
RAIDEN86GT,1
foxmoldu,1
chingling123,1
prinsenr,1
DrHorner2,1
f1shaderoom,1
TheHardCompound,1
tomohito_0612,1
LucasRacing90,1
OrtelliD,1
Kian33566279,1
sr_glover,1
EliGP,1
aodie_lr,1
jlowe000,1
SiyaNqezo,1
MiaWall44915600,1
RedBullZA,1
NYdissac,1
vs0ri,1
mthomlotshwa,1
worksongsunset,1
chilagmanuel,1
FormulaRacer420,1
Enry380,1
deejay_alfa,1
perfildehugo,1
designer_diegoP,1
THFCcallan,1
Codemasters,1
cryptocomcs,1
ammarmangala,1
JamesMorgan1981,1
Bonganijgwayi11,1
felipelpsr,1
gw2kifu,1
rowan_b12,1
daveandkarla2,1
williamspup_dog,1
tashengurt,1
thanos876,1
MercedesAMG,1
PacificSimGP,1
bebe_crzz,1
liamt_25,1
09_realdeal,1
Bongani20994708,1
hrtflame,1
Nu_nex2,1
jordansamuels95,1
tsdemirahmet,1
Man_Of_IKEA,1
63bagnaia,1
AlexStillMe,1
JeremyWeart,1
bannicky,1
PrinceGaryloki,1
TheNotoriousSEB,1
Sony,1
Mnakana,1
Kunal_sri92,1
nillyvanillyf1,1
LauraSlegers,1
Andrew_Hezekiah,1
ganjaheart_fcb,1
Mieertyuiop,1
scarletredrari,1
AlessandroGayo1,1
roxsa_,1
danielricciardo,1
BenSchofield_,1
thescientistma,1
Destin65,1
Adriynwa,1
DrainsDynamic,1
iceman_rai8,1
jenskage,1
rielfacts8804,1
ele66414669,1
lionstappen,1
mariadu17159033,1
IsaacHA80,1
groundsy09,1
view_different,1
RainstormSystem,1
TheVCCEO,1
mpbx3003,1
stefanosoudyas,1
Hollowbabes,1
GeezerBurridge,1
Leaeehrd,1
shakie348,1
reallynascar,1
UnracedF1,1
BrunoAmericano,1
Richarwj190,1
Pete_F430,1
AlexTMathews,1
kirstyives,1
Mr_Lawrence4,1
masaotan71,1
wayneprice09,1
charliedelamora,1
shallwetakeatr1,1
HaneyZaidi,1
Tina_Suprema,1
Johnjoh87259006,1
savagemyers,1
DespicableBear,1
MissParisRenee,1
MMakingithappen,1
paiapipia,1
Mo_spo_Gin,1
NoticiasQuinta4,1
M_Chenouti,1
MajorRaverMatt,1
Kathytweets007,1
haizjt,1
DineoTsamela,1
Raph_earl,1
BrianDownie73,1
GuiArifa,1
JamesPr05247764,1
JuanManuelMant4,1
Prophet__Guru,1
akorising,1
McNgotonie,1
Macpac33,1
instagram,1
Lmsevo_vln_nls,1
PeinexLoko90,1
formularacers_,1
MirrormirrorW,1
VelonCC,1
scottywc86,1
davidn_clare,1
FaeezaDesai,1
richardireland,1
LordHasALamb,1
CommuterCurd,1
KCM0618,1
drexmingbaby,1
BonzoKEN,1
JimmieGP_,1
MarianBurke14,1
ThisIsBolaji,1
aiai_zawachin,1
Niels20145383,1
Asian_Drama_Fan,1
danski46,1
businesmanshade,1
Drake74kgHokie,1
greta_tommo,1
hurithan,1
MStrafit,1
MauSHdz17,1
eternitysky2,1
_Imortal10,1
ajjjunior,1
OkoechL,1
goatjames2nd,1
AndrewTabner,1
SolientArt,1
VSClive,1
MichaelMasiF1,1
AagamShah_44,1
evan_zar,1
takanori_main,1
Stan_Subru,1
CMDR_ValkyrieF1,1
shegzynova,1
JPVlad1,1
FormulaBone,1
jo_wildblue,1
Jordan_Capeling,1
CasesBarbie,1
___mjaraa,1
lauracwinter,1
EddyRiley,1
JoniNMcintosh1,1
AshWoody90,1
1990sBTCC,1
DriverMarketF1,1
Greg_LW,1
hadi_pawar,1
Fl4ky,1
Tzar_Marc,1
AWNetworks,1
LH44_Lisa,1
el_opel,1
flight_system,1
maggiedraycott,1
DonQminati,1
Jowelagaba,1
Lucio19599685,1
danielfre1tas,1
Shaqaham,1
Dorfismm,1
F1Tricky,1
realmadriden,1
GabeSylvestr,1
dvdjohnston,1
BhpScale,1
mikeL_780,1
pensec_r,1
legallypia,1
ijmad,1
HCrytocom,1
Ads__________,1
liamdilley,1
sjdurling,1
hamFalangista,1
RMachitje,1
ma_fe79,1
hmhunter401,1
Nationals,1
lewisdidwhat,1
RobLovelock2,1
Alberto_9965,1
ChrisSu29369464,1
Goyo_Puma01,1
JagCart,1
ziptron,1
formulaMickarie,1
bea4no77,1
_john_freeman,1
badmeetsevilcs,1
JoshuaBurch99,1
GrrrBlarrr,1
jzapatab9,1
MrLordArcos,1
SirLewisUpdates,1
WSJMag,1
TLdesignn,1
SEsdrasJ,1
Daren_211,1
Fa_DiL,1
CorVanMusic,1
PhantomDust916,1
trendyvendee,1
pachecocafeta,1
TwommoF1,1
DiegoSG_17,1
imjosefernandes,1
andrewoakley00,1
AleefHamilton44,1
Jordan_Whiting_,1
f1withali,1
_Siath,1
vadeaths,1
F1Rookiefan,1
caaaamilooo,1
ThatGuyKennedy,1
Stueverton,1
Blieps1984,1
Alv4r0Pu3,1
Ich_bin_dylan,1
kxyyongsflight,1
phil_woods,1
ianellisalfa,1
EISSEM,1
agibby76,1
7LewisAllan,1
Luis0634557O,1
tlhxatz,1
kumbaloalalazon,1
guina_nacho,1
lifeinrosyhves,1
Landos_hat,1
OwencdmF1,1
nmt56_,1
jesusrafaelvia,1
JappieippaJ,1
trollz456,1
TlovesF1,1
PersefoneTex,1
ilykidraulh,1
Suzyq2260,1
eleuricchio,1
DanPaynes,1
XassanCulus,1
Declan_M98,1
GraemeKelly1,1
HulkenbergF1,1
HopelainAndrea,1
xkate_moorex,1
1richiebarnes,1
AngelBerroteran,1
blayney1989,1
YoanSimracing,1
kimuyasurb26,1
HutmacherJustin,1
Alfie05_,1
meufcoolquitwe1,1
Shezza93,1
Wings2806,1
cshernicoff,1
DashThony,1
ScarbsTech,1
oilngas007,1
Cheetahplains,1
sean82621404,1
lazaroheavy,1
ts510mk,1
Trotter2K,1
atomicseid,1
Good_OLE_JOE,1
PearSpheroid,1
KlompWerner,1
JamesKurt_44,1
Bob261048,1
sunnivasport,1
Merlintrader,1
meekles_,1
evermoregomez,1
Mr_C_Fisher,1
swazzle2000,1
Claudinne11,1
HarveyClappison,1
m240_370,1
Ste_Whitfield,1
Holliex82891650,1
DarkSprouty,1
jadeelf254,1
ioneinoe,1
lillucax,1
andrewje_home,1
dhl,1
verstappenci,1
WakoJoel,1
pipila79,1
LozBarber30,1
beckers_arnaud,1
k1482,1
compasolo,1
Team_Badassery,1
utd_ice,1
Erik16358162,1
CBSMiami,1
yannik_munich,1
lewisupremacist,1
HamiltonRobbed,1
JoshPepetrucci,1
lavrgazteca,1
TomBolt0n,1
yabattfit1962,1
MissDeusGeek,1
demers85,1
ayshamoolla,1
mesharkkkk,1
SantiTorresSM,1
SaltySharona,1
ferisan66098162,1
UnitedRealistic,1
_marco_antonio_,1
carolinampo11,1
Charles_Leclerc,1
jpuvh,1
F1femalefan,1
Ryeinadams,1
bielawski_marek,1
TxaborS,1
kokugo_shakai,1
_kmarchewka,1
tbt1905,1
F1_SRC,1
Walmley1,1
VelasBlockchain,1
ElPonchitoo,1
NotAdrig3,1
reidemai,1
PHAMUWA,1
MMinami30,1
AndreNange,1
Sherixxn,1
MrBiggsCards,1
EricJimmyLevi,1
101Supersonic,1
thewachirakevo,1
notcodyware,1
Briangu25535341,1
aayushshadija26,1
racingIine,1
SteveHamill_,1
valfromrome,1
PUMA,1
Kim_Muki,1
Joako1815,1
PatreseOfficial,1
meathook498,1
alexroyf1,1
7R32nokoupa,1
Beeaisbusy,1
Mt_Molina,1
KimiButNoDrink,1
dannieV8_553,1
Emanuel_Andre7,1
Erestyn,1
gunner_x49,1
x_annieeek,1
DScully1981,1
BAH_Int_Circuit,1
SillyTomRiddle,1
wall_yell,1
ManuiRose,1
NicoleVelazz,1
alleixo,1
Leon_21R,1
TakuJapan1107,1
totobigbadwolff,1
adamscotty99,1
editordeportivo,1
HHankerman,1
StillWeSendIt,1
anymusik,1
jikwanaprince,1
idksanya,1
Bernardosouzaf,1
aami_hartley,1
DannyBlom,1
rich_energy,1
GeraldEnzinger,1
EuwDesire,1
jp1_design,1
silysic,1
archiemullen12,1
ReportPDU,1
retard_with_bmw,1
BrandonSeaber,1
NjayamJnr,1
BoziTatarevic,1
Ben_Sulayem,1
defencelessnrs,1
1Brkycs,1
dubbyham,1
thebeerfiend,1
benhabib6,1
Kavita1Kumar,1
_oSuuSo_,1
ana_valkyrie,1
Alejand01975104,1
Muindi_Nzioka,1
calavia20BMX,1
MarkV46,1
jonwheatleyrb1,1
Max33Verstappen,1
FIAFormulaE,1
shaktech101,1
palladifoco,1
DominicNowell,1
Tommy_2808,1
szilviade_,1
metapups2022,1
fazasn,1
F1ArmchairAssoc,1
Ryu62800678,1
villain_que,1
pirellisport,1
DianeWindsor9,1
GuamanKev,1
shion47,1
cfusionpm,1
cartagoFG,1
jaammoreira15,1
GamingManiac99,1
i4elsin,1
PrixRetro,1
derekvanbraam,1
abrahamsobski,1
Yesman073,1
ToonLa24,1
JohnShort70,1
lfcthijs,1
BethhF1,1
blxck_hippie,1
DeanAda52119253,1
jajamj007,1
CABarnfather,1
k_pepra,1
kingkyIian,1
juju_f1_,1
trevorbrinkwor2,1
PowerOfCzech,1
jitetore,1
NutellaGlobal,1
victabv5,1
TwoSlaai,1
DadeTeflonDon,1
Benn_Franklinn,1
freakispl,1
DAMAURUMN,1
BALESCR3AM,1
FarrantStuart,1
DNLivros,1
pumagarcia99,1
Formula_Billy,1
thembakumbula,1
spencer_kalp,1
gabieefairy,1
Maeronthomas,1
Ora_Maiggonen,1
005Markus,1
studd_martin,1
Andrew80359499,1
cata2803_,1
Aldrean21,1
vickster51,1
AutriyaManeshni,1
FrankieParkins1,1
MisterFiolongo,1
FlatSlugbrains,1
xxPat,1
LucaCam90,1
Lebel_Mendoza,1
MariaPi01158569,1
NeumaticoInter,1
dylantmalone93,1
the_miniii,1
cepter_ayrton,1
Bettina9898,1
kao19611219,1
JackPearl_14,1
cacaushow,1
EngineMode11,1
mariosanch,1
Chrisco13212777,1
ozcoggs,1
Jorge4pastor,1
sammpenman100,1
_frxnnn,1
Mark82410964,1
basedman33,1
MrSA80287082,1
Elmarto1,1
TraxHimSelf,1
richardaucock,1
Defensor_C76,1
Zac_Yeats,1
nellscacho,1
Reyhz_,1
somannabollimad,1
RK88posting,1
Zariii93696654,1
pmxlxisane,1
OwensEwan,1
RBTHV,1
Mr_Ngqengelele,1
taebluf,1
vrigu,1
doc_lamb,1
Molly40378234,1
JennyH_04,1
WorldsFlash,1
mitrarounnak,1
SeanHickey_12,1
MitchRlfs,1
Linley75,1
Westy447,1
eryc_C,1
Jibola_00,1
bluestjay1,1
RALLIARTX,1
sianrosserevans,1
dazib007,1
NickMaggs94,1
GenesisDanger,1
enplansi,1
MrLewis80,1
f1blag,1
jesconradsen,1
intergalaxtics,1
rrwealmadrid,1
sekyung666,1
littlemissbusy5,1
gerry_gera,1
debbieashford63,1
Rafaxla_,1
Literlaguer,1
Getch20,1
F1_1980_1989,1
researcher510,1
ETE_Oakley,1
iamhimanshi0304,1
ybarakat_,1
Carlos55YB,1
Rosenkreuz6,1
alinadanieladan,1
chico_36_,1
KingsburyPaul,1
DExpress_Sport,1
Ikijokeri,1
ProjectHR1,1
Tooomamama,1
ozdemir_erkann,1
stulec52,1
Smashersty,1
FFC_Ferna,1
IgnatiusAryono,1
WestieCapital,1
UTDali7,1
poupoul17,1
Jaavitoo_CT,1
krully123,1
DianaSucha_44,1
chadgpetersen,1
BlackholeA69,1
sophwebsterxx,1
Jacobyoung456,1
Bossman19903913,1
nbett,1
neilodon1963,1
ArturoAguileraH,1
martinleblanc,1
Hawk_F1,1
AlbertoJF4,1
Alex_Ishola,1
mnodaddy,1
dani_liro,1
rosso0o,1
LuisEca07389328,1
MetalHealth1983,1
Runningmayo,1
TaKKuMa1020,1
richie_anaya,1
miiguel_sa,1
gaming_kickz,1
jcmirandaju20,1
Motorsport,1
verthappen,1
GP_1950_2022,1
theeggyDruth,1
Nodiesel,1
PDumi21,1
duffwoman_,1
_g4bbx,1
nate_marin_,1
TomDutty,1
NorwegianSaint2,1
bighthethird,1
FormuleBlabla,1
SSTVRace,1
Jazzed_on_Java,1
Saucey65,1
JaffeCards,1
chika_1903,1
Iordtee,1
mu_xho,1
Calvinbutlerm,1
MJSharifful,1
NoSant5,1
BEcclstone,1
biomedjoe,1
speltcia,1
YikeYuke,1
John_Salisbury,1
_the44,1
Mikelee11148Lee,1
jaqelle12,1
akira1405,1
MichelDarnaud,1
S_AhjumMathee,1
davebradshaw_,1
life_of_niksi,1
ourcheco,1
rrocksteady,1
AMinhaCasinha,1
up2date2021,1
RCSnews,1
jemaimeaussi,1
FinskKungen,1
timholmesdesign,1
txchristabelle,1
sweetformytweet,1
KokinRacing,1
alfnelligan,1
danromero_,1
Chumweb,1
NabeelKay,1
artdecobitxh,1
ewanorandy,1
uzairpat1,1
LiroyXIX,1
DawnBB1,1
yawrategain44,1
ryanmurray1000,1
mavup,1
drabwow,1
Mrlevel28,1
RachelBrookesTV,1
olgundd,1
DanielaNjoku,1
cooper2903,1
Marck40500436,1
Italiajin21,1
_aarava,1
JoseVictor_ini,1
_onigiri0930,1
Nik85656856,1
jorge_alves27,1
thezeon5,1
alo_oficial,1
MJCGRWR52,1
Sam_eribs,1
MrMichjoy,1
YesnoLilonion,1
ludomania99,1
OnlyBaseball2,1
X5ISTANCE,1
Mxffin11,1
yess_zar,1
Ferry1977,1
nandha_Zayn,1
wtf1official,1
rossijoaovictor,1
thiemdal,1
clearofrobben,1
TristanJE,1
iltammo,1
LoneDarkStarLeo,1
Liyema_N,1
Thea26981247,1
Stoelloen,1
hallyboy69,1
chriskeebs,1
_deedee33,1
crypto_andream,1
ELAINEA92155505,1
joe_luca2003,1
Filipe__A__,1
jaymiee__,1
Abby_ibarra_,1
haise_fps,1
LetMeCUrTwits,1
F1FeederSeries1,1
gduck181,1
leoredcavalino,1
vadimsub,1
HighFlyer6565,1
MikeRhodes1992,1
Ronsch67,1
aled_edwards96,1
GibsonCarina,1
Micki_04,1
GIBizJobs,1
aprily4k,1
ZD14_Racing,1
F1Guy2011,1
ima_node,1
BoiLithuanian,1
Borquist3,1
GaryLineker,1
1amMiguelMata,1
soduntan,1
BlackHeart_97,1
gonzalolazaro8,1
iamseanm89,1
Daryl_maya_,1
IlieCat,1
SalmontomTom,1
catierallye1,1
1893Diblaze,1
trackIimit,1
otpqambar,1
FormulaOneWorld,1
johnhobbit50,1
RealSlyeb,1
CollieColleen,1
Jasebartram,1
RecklessDudeF1,1
JimmyBroadbent,1
LioMwabile,1
Anita__F1,1
mannyy_oa,1
Steve_Dangle,1
CaubriereJef,1
itsme1673,1
NoelCopperthwa1,1
ToyotaGzooRcng,1
JacquesLea,1
da_oka5610,1
GannaFilippo,1
zet24c,1
t07102836,1
GGracio49,1
GazzaIn1990,1
ivanet290,1
sinut69,1
Alejoumana,1
_The_Unnamed_,1
SimsRko,1
saabiddd,1
Cataliinaalee,1
Lara_Jesus_,1
hxmza27,1
HugoTravers,1
dijgtu,1
NigelCJourno,1
Buono_46,1
RedFiveModels,1
CuervoLipara,1
LautaroSC27,1
Wistqlol,1
Bader_AL7,1
B0WEEEE,1
lydia_mauldin,1
dirtypotato10,1
MintyOrangeJoos,1
YukiNdoit,1
madmx22_,1
mrkvh7,1
_Diego_Jr11,1
KeithBishop64,1
CannonOnCrest1,1
philfy79,1
malpass_daniel,1
mellissajones90,1
mywinterforest,1
abraham_montiel,1
AlfieLFC2,1
spidadmitchell,1
Jake20taylor,1
GillianCarring6,1
ntwa_inoti,1
andrealgch,1
pedro_karul,1
FIFAcom,1
dearlews,1
sabzsgizo,1
AldoDivingMex,1
JackSnow88,1
Guiller31751485,1
swygal71,1
euan2gearing,1
maccaboy657,1
Matamme,1
Chal_lerec,1
ImzTech,1
LEGO_Group,1
HourlyChess,1
ivango44,1
lambsenglish,1
Nature,1
magic_russell63,1
PauloStramaro,1
Cattenaro,1
Cooperman1959,1
